Epoch,Model,train_loss_mean,train_loss_std,train_loss_min,train_loss_max,train_acc_mean,train_acc_std,train_acc_min,train_acc_max,train_auc_mean,train_auc_std,train_auc_min,train_auc_max,train_sens_mean,train_sens_std,train_sens_min,train_sens_max,train_spec_mean,train_spec_std,train_spec_min,train_spec_max,val_loss_mean,val_loss_std,val_loss_min,val_loss_max,val_acc_mean,val_acc_std,val_acc_min,val_acc_max,val_auc_mean,val_auc_std,val_auc_min,val_auc_max,val_sens_mean,val_sens_std,val_sens_min,val_sens_max,val_spec_mean,val_spec_std,val_spec_min,val_spec_max
1,Medium,0.6848351905743282,0.005958991070779466,0.6755381971597672,0.6939375996589661,0.5475911458333333,0.06386554494256313,0.4978841145833333,0.6624348958333334,0.660266405757305,0.053877340737834005,0.56975982341874,0.7196326746694213,0.40442107241547465,0.4103379864122158,0.0,1.0,0.6900541338490476,0.3814576855191774,0.001961425302386401,1.0,0.6763083040714264,0.010562223241641815,0.6594607830047607,0.6923114955425262,0.6063750000000001,0.1305100570837359,0.5,0.778125,0.84747015625,0.017596393072727205,0.820859375,0.87375546875,0.53675,0.44429269631629104,0.0,1.0,0.6759999999999999,0.37023506046834626,0.0,1.0
2,Medium,0.608716973165671,0.024280877739516978,0.5800374920169512,0.6505851497252783,0.67890625,0.08610068500801105,0.5579427083333334,0.7786458333333334,0.8174084649816471,0.006735031431570679,0.8074947706836152,0.8284680690673822,0.598548245307265,0.30845792401531047,0.1512687052700065,0.9338762214983714,0.759814914406164,0.20108038625671384,0.39817826935588807,0.9651465798045603,0.5443372547626495,0.04180183780222287,0.46397265791893005,0.5837365686893463,0.79125,0.015375508121684945,0.76125,0.80375,0.86384734375,0.01658944621536304,0.8326914062499999,0.8826406250000001,0.8244999999999999,0.042782882090855005,0.7575,0.88875,0.7579999999999999,0.055343247103869835,0.68,0.84
3,Medium,0.5345378930370013,0.03244787342180266,0.47096582502126694,0.5555415799220403,0.78994140625,0.006460255982714351,0.7833658854166666,0.7991536458333334,0.8430744406214246,0.011862923030343208,0.8300067880533653,0.8652141515635868,0.7995484782514953,0.020961516595070513,0.7628832354859753,0.8272490221642764,0.7803174073022274,0.03250780626065851,0.7395968790637191,0.8352826510721247,0.5201461762189865,0.03862720487511206,0.4555610418319702,0.5698032975196838,0.7738750000000001,0.020102860492974644,0.73625,0.7925,0.8757871875,0.014084473246135057,0.8621070312499999,0.9015257812499999,0.8717500000000001,0.05675936046151328,0.78,0.93375,0.6759999999999999,0.08704668287763759,0.54375,0.805
4,Medium,0.47338654895623533,0.022296792147340528,0.4493868127465248,0.513216108083725,0.7988606770833333,0.005606523474377861,0.7913411458333334,0.8064778645833334,0.8642962094451855,0.011534496079148268,0.8449968873100266,0.8792767410792957,0.8034130765592314,0.011420466561714256,0.7890446690577111,0.8211143695014663,0.7943162846172485,0.016569281972711885,0.7616260162601626,0.8063574440480052,0.4918512493371964,0.035144487157547304,0.4413742572069168,0.526142418384552,0.78825,0.01069754644766732,0.771875,0.804375,0.8852517187499999,0.014129617153631742,0.8678804687499999,0.90922734375,0.8714999999999999,0.037603191353926334,0.80875,0.91875,0.7050000000000001,0.043409388385463356,0.64375,0.77875
5,Medium,0.4434122681617737,0.012768616741662523,0.43096920599540073,0.4670778016249339,0.8027994791666666,0.0036184096957266165,0.7967122395833334,0.8064778645833334,0.8781652990170908,0.009064084694765807,0.8604411226623254,0.8857425562115505,0.7803428508920278,0.013301483674346326,0.7588216251213985,0.7935525887333116,0.825210376904964,0.018685850105567593,0.8023369036027264,0.8546644844517185,0.44641674160957334,0.0260085495999895,0.4163171350955963,0.4843360483646393,0.8019999999999999,0.010483618173130874,0.785,0.815625,0.89003984375,0.012082671908531569,0.8727750000000001,0.909203125,0.8515,0.05172281894869998,0.76375,0.9175,0.7525000000000001,0.05309778714786521,0.7,0.83
6,Medium,0.4301610752940178,0.0066021092323890465,0.42301485935846966,0.4405061403910319,0.80966796875,0.005157836259054452,0.7996419270833334,0.814453125,0.8865508888998093,0.0036972038421843904,0.8798273954719524,0.890568535895693,0.7951379191564104,0.02260004145211768,0.7579804560260587,0.8191869918699187,0.8241679329413936,0.015052761137091739,0.8025415444770283,0.841249186727391,0.42317748069763184,0.015992006382990965,0.4022842049598694,0.44882045686244965,0.806,0.013285330255586434,0.7925,0.82875,0.8937837499999999,0.011918379785398076,0.8749773437499999,0.911853125,0.8407500000000001,0.025819082090577906,0.81375,0.88375,0.77125,0.01832007096056126,0.7525,0.80375
7,Medium,0.4192927519480388,0.005365696505400049,0.41239994019269943,0.42696060985326767,0.8140950520833334,0.003557571899040193,0.8072916666666666,0.8167317708333334,0.892170634698638,0.003367625645867195,0.886457602183024,0.8956556914542753,0.7968448081102636,0.008150749351727656,0.7832464146023468,0.807479674796748,0.8313554682066269,0.008183011586117714,0.8203125,0.8442782834850455,0.42502243518829347,0.028317253867396766,0.3872992992401123,0.47328998148441315,0.81075,0.011614914980317333,0.8025,0.83375,0.89556296875,0.012177292295754868,0.87753046875,0.9154460937500001,0.8459999999999999,0.025683165692725638,0.8,0.87375,0.7755,0.02410394158638788,0.73875,0.80875
8,Medium,0.40832523703575135,0.007706088392925093,0.398430456717809,0.4222237517436345,0.8192057291666668,0.003900005860066171,0.8121744791666666,0.82421875,0.8979978474006257,0.0038470920413567287,0.8911763365751211,0.9029555439230788,0.8072279514436931,0.009452767792244432,0.7966764418377321,0.8240078074170462,0.8311727709480721,0.007618706335423008,0.8224755700325733,0.8426016260162602,0.40997448563575745,0.017556104017952323,0.3925079107284546,0.4420098811388016,0.810875,0.010603655030224248,0.79375,0.824375,0.899714375,0.010879788003987844,0.88288515625,0.9161992187499999,0.858,0.021745689227982652,0.82875,0.89375,0.76375,0.027636027210870953,0.72,0.79875
9,Medium,0.40190549095471706,0.004440126317529302,0.39677226543426514,0.4072996104756991,0.8228190104166666,0.003562334380287597,0.8172200520833334,0.8263346354166666,0.9008087386201987,0.0017516840048711958,0.8978132969887731,0.9028014085193592,0.8071656882970647,0.011101728398057691,0.7891980360065467,0.8230291135099771,0.8383565996797551,0.007838041405058008,0.8289601554907677,0.850760764001295,0.4121095150709152,0.021870192422454665,0.37747088074684143,0.445890337228775,0.81375,0.016719188078372672,0.784375,0.835625,0.9009304687499998,0.011836268363774865,0.8853289062499999,0.92098984375,0.85025,0.04092218224875109,0.77375,0.89625,0.77725,0.052006009268160534,0.70125,0.86375
10,Medium,0.4014765510956447,0.006528497086458672,0.3929031416773796,0.41193509350220364,0.8236002604166666,0.0057548179896849076,0.8142903645833334,0.8304036458333334,0.9015907038694637,0.0032427951110568327,0.8960222562743725,0.9053276279584702,0.8042924481497671,0.014201687488509617,0.7806873977086743,0.8192771084337349,0.842766343682533,0.008938810569207955,0.831979200519987,0.8588539980576239,0.4067577809095383,0.014862411244610265,0.381960928440094,0.4286263585090637,0.8147500000000001,0.01066975866643663,0.805,0.834375,0.9002471875,0.011068309745179392,0.8863859375,0.9200828124999999,0.8400000000000001,0.02967532645144785,0.81625,0.895,0.7895,0.010594810050208535,0.77375,0.80625
11,Medium,0.3891957402229309,0.00869637595992681,0.37886738777160645,0.4050351157784462,0.8281575520833332,0.005320448570111004,0.8199869791666666,0.8359375,0.9069438138593581,0.0041066887629417,0.8995918697781033,0.9119995104446423,0.8082241996216565,0.013961572863669185,0.7890625,0.8270799347471451,0.8480531072945838,0.008606587385938757,0.8353361481000324,0.8566785830354241,0.4036260187625885,0.02658158594461741,0.3709849715232849,0.4448322206735611,0.8172499999999999,0.013810095944634117,0.7975,0.835,0.90406265625,0.011046437440503265,0.8902554687500001,0.92160390625,0.8557499999999999,0.016781686446838414,0.83125,0.88375,0.77875,0.037173579327258746,0.71125,0.81875
12,Medium,0.3878824730714162,0.0039896095608207005,0.38171688963969547,0.39306942870219547,0.8293294270833333,0.00361694516751843,0.82568359375,0.8361002604166666,0.907677437025362,0.002535118178220298,0.9039024390243902,0.9107298756419155,0.8171500315274866,0.005076416212313891,0.8077549690452916,0.8218821230869424,0.8415214379857394,0.005572778379889127,0.8369671330946957,0.8515981735159818,0.4033639162778854,0.0145826441756964,0.3847827762365341,0.42786523699760437,0.8210000000000001,0.011596066143309098,0.800625,0.835625,0.9040740625,0.010017606112568063,0.8909015625000002,0.9204625,0.8567500000000001,0.021368785646358107,0.83125,0.89375,0.7852500000000001,0.019095156453928307,0.75375,0.81125
13,Medium,0.3815947388609251,0.0074744060750188655,0.371232549349467,0.3927999089161555,0.83291015625,0.0036022671377760325,0.828125,0.8387044270833334,0.9107022367831465,0.0035551939654457428,0.9048403230626099,0.9149831575799685,0.8106447431426546,0.012029782495219578,0.7937908496732026,0.8244871377401498,0.855050454086513,0.00793200575326564,0.8452535760728218,0.867704280155642,0.39692116975784303,0.024074833577748377,0.3618612140417099,0.4179745763540268,0.8227500000000001,0.01676398669768023,0.804375,0.85125,0.9060075,0.011770794863506477,0.8956671875000001,0.9262515625000001,0.8465,0.023067834748844548,0.815,0.8825,0.7989999999999999,0.032465366161495875,0.7525,0.8475
14,Medium,0.3713294024268786,0.007716620717812947,0.3617398465673129,0.3839801847934723,0.83740234375,0.0037300199246435638,0.8302408854166666,0.8406575520833334,0.9157749701112964,0.00342743458900273,0.9099867332406497,0.9194477340670062,0.8165398971682668,0.01518223778012813,0.8012987012987013,0.8413163897034864,0.8582659353516142,0.013096817757276547,0.83869918699187,0.8734136023429873,0.39678966999053955,0.022260079649020634,0.355065181851387,0.4193740636110306,0.8233750000000001,0.01511725008061983,0.81125,0.851875,0.9059689062499998,0.01097244980114612,0.8960437499999999,0.9273023437499999,0.8487499999999999,0.020294703742602387,0.82375,0.8825,0.7980000000000002,0.022893776446886165,0.76875,0.8275
15,Medium,0.3724631304542224,0.005013388016072784,0.3663182035088539,0.379488930106163,0.8371744791666667,0.0026417374433949773,0.83251953125,0.8395182291666666,0.9153549118384726,0.0023515291443518523,0.9118256475475786,0.9177160444115722,0.8167843530303589,0.012634768079895237,0.8029220779220779,0.8371790705232369,0.8575821917353867,0.009236681757435283,0.8418650146723182,0.8694516971279374,0.3888510257005692,0.017994901807291134,0.36116187274456024,0.4050709456205368,0.8262499999999999,0.013205112646244235,0.81125,0.84625,0.907780625,0.010148146134674175,0.8992218750000001,0.9249093749999999,0.8350000000000002,0.02466019059131537,0.81,0.87375,0.8175000000000001,0.016677080080157915,0.7925,0.845
16,Medium,0.3729016269246737,0.00650170815056436,0.36661624660094577,0.3854071944952011,0.83720703125,0.000766185045308571,0.8357747395833334,0.837890625,0.9147529702089503,0.003409994012625953,0.908154119964803,0.917780509535296,0.8196420053974711,0.010404354625059358,0.8077174623937214,0.8391105297580118,0.854742461075252,0.010007304839147404,0.8366817887232664,0.8674659753726507,0.38882063031196595,0.02196005507950474,0.35274745523929596,0.4197819083929062,0.8285,0.015439397656644517,0.808125,0.854375,0.90909890625,0.00984473941704163,0.8965265625000001,0.92531796875,0.8445,0.027506817336798522,0.8025,0.8825,0.8125,0.04519402615390664,0.73375,0.85625
17,Medium,0.36739761332670845,0.008286608914203337,0.35778610159953433,0.3812360738714536,0.84111328125,0.006565037796752323,0.8287760416666666,0.8466796875,0.9179635865931731,0.0038878185099643545,0.9113297898324109,0.9224072626094357,0.8254042067409102,0.015944258389702568,0.800716379029632,0.8510777269758328,0.8567993689062025,0.010258774101883751,0.8393900064892926,0.8686012389957614,0.38750759363174436,0.0236570251727138,0.34654803574085236,0.417648583650589,0.8243750000000001,0.016307590257300445,0.8025,0.8525,0.90904578125,0.011444488127308021,0.8950734374999999,0.9293,0.8375,0.01968501968502951,0.81,0.87,0.81125,0.028040149785619913,0.7675,0.8425
18,Medium,0.36601422826449076,0.006441676439021827,0.3576684072613716,0.37639743586381275,0.841015625,0.0026652981107368285,0.8361002604166666,0.84423828125,0.9178145815463994,0.0027272130968733106,0.9130739062612754,0.920728857913429,0.8195754712467027,0.003155883677473584,0.8165197518772446,0.8238358840768479,0.8624937469769478,0.004393090331179291,0.8555663745537163,0.8669064748201439,0.39737277328968046,0.017101261129452296,0.36883099377155304,0.41683749854564667,0.821875,0.010480636908127283,0.806875,0.833125,0.9088578125,0.011565784911333676,0.8978953125,0.928421875,0.8469999999999999,0.042231504827557345,0.7975,0.92375,0.7967500000000001,0.043023249528597915,0.7425,0.8575
19,Medium,0.35857682923475903,0.004277766328842754,0.3525933523972829,0.36504096537828445,0.8452473958333334,0.0024948575854634946,0.8421223958333334,0.8483072916666666,0.9215761266457735,0.0020688324382741414,0.9193170095923834,0.9248724851345245,0.8290292278413635,0.011778644360876219,0.817560975609756,0.8448219536099314,0.8615481468310456,0.008445074693781885,0.8488485241647745,0.8717697088649002,0.3867820143699646,0.017154783691920722,0.355853870511055,0.40774117410182953,0.8307500000000001,0.017457090250096095,0.8075,0.86,0.91224390625,0.008787895191927193,0.9024828125,0.9280539062500001,0.86075,0.01521923125522443,0.835,0.88125,0.8007500000000001,0.03530757709047734,0.74625,0.84
20,Medium,0.3574547191460927,0.004292565739402904,0.35235705723365146,0.3653438116113345,0.8448893229166666,0.0013695106749975804,0.8424479166666666,0.8466796875,0.9219162472922171,0.002073027853124072,0.9182944578223886,0.9247211127768686,0.8232878166345735,0.009905770000262347,0.8120325203252032,0.8410123296560675,0.8665212282261437,0.008332362332962206,0.8523840627041149,0.8784620397523624,0.3824331730604172,0.020632110442596968,0.3518233150243759,0.4054102897644043,0.829125,0.015799525309324977,0.81375,0.8575,0.9134596875000002,0.010356841467626476,0.90225703125,0.9313289062500001,0.8459999999999999,0.031358810564178004,0.81375,0.89875,0.8122499999999999,0.028954706007832322,0.7775,0.85375
21,Medium,0.35361259430646896,0.01022394183637582,0.34371042251586914,0.3725212713082631,0.846875,0.005335364908476035,0.8414713541666666,0.8562825520833334,0.9238770760146041,0.0044295714696077565,0.9159364827404972,0.9291000310687085,0.8334395916836315,0.010915701907486752,0.823051948051948,0.8505188067444877,0.8603372100223622,0.007984078018505645,0.8464052287581699,0.8703703703703703,0.38598211407661437,0.015218669827849363,0.36129485070705414,0.4021458178758621,0.82775,0.010012492197250363,0.815625,0.845625,0.9119060937499999,0.009023410273227311,0.9025015625,0.92864609375,0.8474999999999999,0.0298014261403712,0.80875,0.8975,0.808,0.01798610574860497,0.79375,0.8425
22,Medium,0.35048860261837644,0.0026774115401859634,0.3482995331287384,0.35538333406051,0.8483072916666667,0.002949513356790167,0.84375,0.8527018229166666,0.9247601024809914,0.001510223403428368,0.9219514019816618,0.9259985092985523,0.8269423912196332,0.006053125560465268,0.8183290155440415,0.8356119791666666,0.8697225209394371,0.0036586735845122354,0.8636067708333334,0.8739386022207707,0.3806994318962097,0.02420572166432437,0.33762864768505096,0.4034147262573242,0.8318749999999999,0.019104973174542815,0.815,0.86875,0.91309203125,0.011328571568784073,0.9034453124999999,0.9336203125,0.85075,0.022646743695286534,0.81625,0.88375,0.8130000000000001,0.02719834553791828,0.77875,0.85375
23,Medium,0.3495194281140963,0.007841139801875684,0.340289185444514,0.36041758706172305,0.8482747395833332,0.005218902037456012,0.8404947916666666,0.8541666666666666,0.9255366932329832,0.003971458179232404,0.9194473796532596,0.9297179571488654,0.8275846761971015,0.012778498759870253,0.8027940220922677,0.8385942076147087,0.869052845872931,0.00826476347238033,0.8557973367976616,0.8783431180691454,0.3885903716087341,0.01670089408261751,0.3557523190975189,0.40040239691734314,0.8321249999999999,0.015137907715401097,0.81875,0.860625,0.9112345312500001,0.009498323343511278,0.90229609375,0.9295062500000001,0.85825,0.023486698363116093,0.81875,0.89125,0.806,0.027138533490223816,0.7725,0.845
24,Medium,0.3476026674111684,0.007111593319017351,0.3394254396359126,0.36025019238392514,0.8502604166666666,0.003620459039947747,0.8448893229166666,0.85546875,0.925966741846732,0.0028615676074089194,0.9208011182267741,0.9292699446909172,0.8318160468038813,0.01028375897805018,0.8131510416666666,0.8418134377038486,0.8686785172841184,0.008053266396507469,0.8606237816764133,0.8824869791666666,0.3823653310537338,0.02634248186539778,0.3390437662601471,0.4128001928329468,0.8342499999999999,0.017885923235885837,0.81875,0.8675,0.91393640625,0.010567680758393885,0.90313984375,0.93253828125,0.8477499999999999,0.026568308188516646,0.81375,0.89,0.82075,0.027979903502335368,0.77375,0.845
25,Medium,0.3402694781621297,0.004981046907500107,0.33441799134016037,0.34717556337515515,0.8541666666666667,0.003732859681373595,0.8479817708333334,0.859375,0.9293304342702055,0.001906184285196494,0.9268023507171679,0.9315621223674602,0.8398658567790666,0.012330661255366054,0.8246753246753247,0.8569100391134289,0.8685217121343614,0.007913201269662608,0.85370611183355,0.8767525268992501,0.38321493566036224,0.016537896299005247,0.3523406535387039,0.400437131524086,0.8317500000000001,0.01317193987231951,0.82125,0.8575,0.9128306250000001,0.008706188214851626,0.906728125,0.9297249999999999,0.8477500000000001,0.03112876483254673,0.795,0.8875,0.8157500000000001,0.02640549185302178,0.785,0.855
26,Medium,0.33944690426190693,0.007462742927814846,0.3279111161828041,0.3486315881212552,0.8517903645833332,0.00156317802129467,0.8492838541666666,0.85400390625,0.9292698395040343,0.00316804790399196,0.9251442168105302,0.9340417591379109,0.8345207826463279,0.012940644661438903,0.8141130349558968,0.8490873533246415,0.8689774073921948,0.010217721874378121,0.856537332898598,0.8842036976970483,0.3926548421382904,0.024319501924176586,0.3625975698232651,0.42632201313972473,0.8275,0.015577427579674353,0.810625,0.85125,0.9115606249999999,0.01101128017816774,0.8987210937499999,0.929590625,0.858,0.024515301344262535,0.8175,0.89375,0.7969999999999999,0.030368569278120434,0.755,0.83625
27,Medium,0.33586920698483785,0.00933686871251557,0.3249084030588468,0.35296830534935,0.855859375,0.005163995852339301,0.8466796875,0.8601888020833334,0.931424661013015,0.0033250557092745162,0.9253367238931363,0.9350678807590879,0.8438289145944615,0.007147713512697738,0.8372016999019287,0.8576062277002919,0.8678271224994155,0.011342233680836686,0.8502116574405731,0.8829821717990276,0.388017401099205,0.018534035270826126,0.35994483530521393,0.40686240792274475,0.8286250000000001,0.007780183159797727,0.816875,0.84125,0.91215921875,0.0073804460559220315,0.9047484375,0.925115625,0.85775,0.01486186394770186,0.83875,0.87875,0.7995,0.015624499991999764,0.7775,0.815
28,Medium,0.33224884768327073,0.005956418882896042,0.3253457074364026,0.33937492469946545,0.8584635416666666,0.0042872465512886595,0.853515625,0.865234375,0.9324870733120271,0.0025570907253479424,0.9289769978833708,0.9360134311479884,0.8462422180638661,0.013545520707631509,0.8198373983739837,0.856260162601626,0.8706811022498633,0.011304423973893451,0.8520690778755294,0.8872596937113066,0.39046241641044616,0.022567407155805696,0.35672491788864136,0.4178912192583084,0.829375,0.015702308747442217,0.8125,0.8575,0.9137985937499999,0.009964970622232325,0.90440859375,0.9300734375,0.87575,0.02260530911091462,0.8375,0.905,0.783,0.03075711299845941,0.7475,0.8275
29,Medium,0.32935411085685096,0.005477352740765381,0.3209326093395551,0.3369653448462486,0.8581705729166668,0.005336556414407094,0.85205078125,0.8665364583333334,0.9334451960336153,0.0022240521571652975,0.9302194861948238,0.9368243206012651,0.8374407884176055,0.014473590133341213,0.8204294079375407,0.8623942745608328,0.8788880631450358,0.012501462442380123,0.8602605863192182,0.895114006514658,0.38827939331531525,0.022936120787983183,0.34569670259952545,0.4096932113170624,0.83125,0.015836074324149883,0.815625,0.86125,0.91405546875,0.008787465007598397,0.90623359375,0.9309414062500001,0.8592500000000001,0.01689304590652612,0.84125,0.8875,0.8032499999999999,0.022577643809751274,0.7675,0.835
30,Medium,0.3275168543060621,0.0033813064691886464,0.32238365958134335,0.33213744064172107,0.8600911458333332,0.0019601652626724964,0.8570963541666666,0.8623046875,0.9346353390545634,0.0014219693448367752,0.9323136280020006,0.9364868732544447,0.8433163360764878,0.0025064605687142036,0.8408574212406625,0.8477124183006536,0.8768489401107035,0.004568877457916176,0.8702983138780804,0.8831760494630654,0.3913374811410904,0.023197296954802958,0.357116237282753,0.4254103899002075,0.8323750000000001,0.014755295659525117,0.81375,0.856875,0.913225,0.00990227192404916,0.904515625,0.9315625,0.8542500000000001,0.04028492273791771,0.79625,0.9175,0.8105,0.0355105618091294,0.75375,0.86
31,Medium,0.32395385652780534,0.005808219075421362,0.319813035428524,0.33534348756074905,0.86015625,0.0025988715698192786,0.85546875,0.8629557291666666,0.9356648801205443,0.002321781888258367,0.9310387871588632,0.937209546535232,0.8369307533053447,0.008283181653204153,0.826904376012966,0.8496583143507973,0.883452980359861,0.007278438950559169,0.8746336698143927,0.8957654723127035,0.3874072074890137,0.024919066688511425,0.3404875546693802,0.4081302285194397,0.8307499999999999,0.01244613393789413,0.82375,0.855625,0.91387265625,0.008913828792948672,0.9082234375,0.9316023437500002,0.83825,0.016537835408541254,0.825,0.86875,0.82325,0.011979148550710934,0.805,0.8425
32,Medium,0.3230707868933677,0.005485643825976642,0.3160275270541509,0.3313911110162735,0.86259765625,0.003294682533562527,0.859375,0.8675130208333334,0.9363039101468132,0.0023896696167008675,0.9327360313859031,0.939012265120214,0.8479621959958477,0.015431570007724662,0.8257059396299903,0.8689700130378096,0.8772881567308106,0.010061735628345262,0.8621586475942783,0.8932419196865817,0.3835395097732544,0.0228103265947903,0.3454422652721405,0.4062108248472214,0.8377500000000001,0.014634078378907213,0.82125,0.865,0.9145689062500001,0.009827131127708203,0.90398359375,0.9323,0.85075,0.02666458325194676,0.8175,0.885,0.8247500000000001,0.03077539601694836,0.7775,0.85375
33,Medium,0.3207440629601479,0.005371541972804777,0.31381061176458996,0.32722581923007965,0.8632486979166666,0.0038645232299627796,0.8595377604166666,0.87060546875,0.9372841293522194,0.002292233781274266,0.935186705978245,0.9408613840738932,0.8411445289851572,0.005768205630656523,0.8311096648226489,0.8471771576898118,0.8853482713787333,0.008256403762258396,0.8755715218811234,0.8997395833333334,0.38466929495334623,0.013518748836798022,0.3624473512172699,0.399063840508461,0.8379999999999999,0.010999999999999998,0.82875,0.859375,0.9150768749999999,0.008672159688457613,0.9065124999999999,0.93113515625,0.8545,0.024413111231467433,0.825,0.895,0.8215,0.01450000000000001,0.79875,0.83875
34,Medium,0.31657152374585473,0.008105699928860562,0.3086201498905818,0.3297707736492157,0.8635416666666667,0.004304513018872626,0.8557942708333334,0.8681640625,0.9389968266584752,0.0034239268055467047,0.933333750125435,0.9418385798716247,0.8498271470946293,0.014591319691163823,0.8284042898927527,0.8693385467579016,0.8772674782298893,0.0069128441229423685,0.8669918699186991,0.8839024390243903,0.38955689072608946,0.0243026881278067,0.34743349254131317,0.41955891251564026,0.8327500000000001,0.01760504189145823,0.818125,0.866875,0.91372359375,0.00946524590174334,0.904753125,0.9313515625000001,0.85275,0.024992498874662383,0.81125,0.88875,0.81275,0.027080897326344246,0.77375,0.845
35,Medium,0.318143401046594,0.006538967565221908,0.30749092251062393,0.32603373875220615,0.8644205729166666,0.0035584653497844165,0.8585611979166666,0.8697916666666666,0.9379729474131386,0.002999959679156956,0.9340997812873528,0.9425210404596713,0.8435832998248902,0.013770065765413918,0.8271725032425421,0.866796621182586,0.8853104397385108,0.011872777806325263,0.8623613829093281,0.8963275918102047,0.3849239408969879,0.021710159450606177,0.3471982330083847,0.4125751107931137,0.83675,0.014138820672177727,0.823125,0.86375,0.9142315625,0.009722006759393184,0.90518125,0.9327796875,0.8535,0.026021625621778535,0.82,0.88625,0.8200000000000001,0.027397536385594983,0.78,0.8425
36,Medium,0.3144284243384997,0.008052424200645215,0.30515902241071063,0.325119028488795,0.8676432291666668,0.005912841993445523,0.8592122395833334,0.8766276041666666,0.9395723200740177,0.0033973040781577167,0.9348906929301466,0.9434240370620957,0.8501909165240283,0.011426857725681376,0.8301763553233181,0.8632672945761611,0.8850277320146214,0.006230341199576667,0.8742281442963926,0.8908325234855847,0.38634149432182313,0.02106720847559523,0.349891722202301,0.41014017164707184,0.836,0.012295832627357943,0.825,0.859375,0.9144746874999999,0.007824564444123001,0.90878359375,0.9299624999999999,0.8535,0.02036234269429723,0.8225,0.88125,0.8185,0.02412726673288955,0.785,0.84625
37,Medium,0.3117774799466133,0.006311303753873774,0.30167408287525177,0.31914058824380237,0.8653971354166666,0.0027137584636284496,0.8623046875,0.8694661458333334,0.9405389771837968,0.002625198064099863,0.9376653038284366,0.9447238670272287,0.8420939274350541,0.006169890433068957,0.8328998699609883,0.8497072218607677,0.8887056913076558,0.003402105772990147,0.8842652795838751,0.8928571428571429,0.39852227866649625,0.02195213352613116,0.3581760376691818,0.41851209104061127,0.8313749999999999,0.01618930974439617,0.82,0.863125,0.9117035937500001,0.010325887328510563,0.9044109375000001,0.9321687500000002,0.8537500000000001,0.032374758686359334,0.81,0.89875,0.8089999999999999,0.027955321496988726,0.75875,0.84125
38,Medium,0.3091070810953776,0.006811091607271257,0.2994099830587705,0.3197067230939865,0.8672200520833332,0.0033187164260241988,0.86376953125,0.8722330729166666,0.9417947255829716,0.0024004822289418527,0.9381958065981509,0.9456077830202925,0.8463521338978266,0.007156848182482225,0.8395826540593414,0.860123899576133,0.8880745018699013,0.00507271712434255,0.8818359375,0.8967090257412839,0.39285098314285277,0.027289680374400833,0.3503931164741516,0.4294242560863495,0.8332499999999999,0.01405013345132352,0.816875,0.85875,0.9138839062499999,0.009890363279021458,0.9045984375,0.9327132812500001,0.85625,0.022912878474779217,0.81875,0.88875,0.8102499999999999,0.026662239215789803,0.7675,0.84625
39,Medium,0.3115629528959592,0.005390686260706382,0.30744851380586624,0.3219524299105008,0.8679361979166667,0.0030407897521241753,0.8639322916666666,0.8728841145833334,0.9410171784766895,0.001877468843530098,0.9373631970064835,0.942570882187044,0.850900097477189,0.010739254189793913,0.8439136125654451,0.8717948717948718,0.8849270242541835,0.011629660610141337,0.8651648710414627,0.9014954486345904,0.38717393577098846,0.02148601096715361,0.35116326808929443,0.41103801131248474,0.834625,0.010987208471672867,0.82375,0.85375,0.91586203125,0.0089620207306261,0.90658984375,0.93101328125,0.8634999999999999,0.015459624833740311,0.845,0.88625,0.80575,0.017829049329675425,0.775,0.82125
40,Medium,0.304178923368454,0.006725950794143595,0.29761726160844165,0.31645451734463376,0.86982421875,0.0030768176818794625,0.8653971354166666,0.875,0.9433075039494486,0.002913258685274098,0.9377839305181385,0.9458284849852121,0.8447777727586627,0.0059112719003860835,0.8371261378413524,0.8537782139352306,0.8948516448892951,0.0029488449116158704,0.8896125040703354,0.8974691758598313,0.3919587075710297,0.016081528359496926,0.3722153306007385,0.4116532802581787,0.834,0.014260960696951649,0.81875,0.860625,0.9146146875000001,0.00787738230334958,0.9065023437499999,0.92932265625,0.858,0.033907963666371964,0.815,0.91125,0.8099999999999999,0.03013511241060829,0.77375,0.85125
41,Medium,0.3058858300248782,0.006385900688187432,0.2971294845143954,0.31616780906915665,0.8706705729166666,0.0050172465955549625,0.86376953125,0.8763020833333334,0.942864985796754,0.002738625081387259,0.9383864761614922,0.9463603692481151,0.8551193291927979,0.019659733628250096,0.8238157040882543,0.8736120182887002,0.8862518482996167,0.010701400551488226,0.873046875,0.9039843239712606,0.391512268781662,0.02983142526637641,0.35562293231487274,0.43880462646484375,0.8327500000000001,0.01255985668708049,0.818125,0.851875,0.9161256249999999,0.009737721114305943,0.9079171875,0.9335296875,0.8634999999999999,0.03459046111285596,0.815,0.8975,0.8019999999999999,0.04432550056118938,0.73875,0.85375
42,Medium,0.30694600045681,0.006696694823693202,0.29906753947337467,0.3155982941389084,0.86962890625,0.0030152437960701446,0.8655598958333334,0.873046875,0.9425473988819869,0.002551556512332102,0.9392989427450482,0.9455602040781727,0.8482892421787025,0.0061357771754870505,0.8390243902439024,0.8566785830354241,0.891001302702897,0.008434501977807509,0.8744701662862733,0.8980725253185233,0.3882523238658905,0.02826352334732934,0.3416532427072525,0.42672429978847504,0.834125,0.01622401768983255,0.82125,0.865625,0.9156520312499998,0.009000572960820156,0.9074484374999999,0.9328460937499999,0.8532500000000001,0.026535353775670675,0.80625,0.885,0.8149999999999998,0.029347061181658356,0.77625,0.84625
43,Medium,0.3021055872241656,0.00631359449540327,0.29160741219917935,0.31025634457667667,0.87138671875,0.004067577872827886,0.8640950520833334,0.8748372395833334,0.9443180770220962,0.002469230176121064,0.9410374489465483,0.9484866405578868,0.8552415651407177,0.009159069222695342,0.8428571428571429,0.8674698795180723,0.8875499760379439,0.006143251844149934,0.8799219004230394,0.8968668407310705,0.3931919693946838,0.02129418916309477,0.35220086574554443,0.41329149901866913,0.8335000000000001,0.015403936185274218,0.819375,0.85875,0.9132609374999999,0.010272751284116304,0.901840625,0.93098671875,0.853,0.02660592039377702,0.825,0.90125,0.8140000000000001,0.008192984804086973,0.8025,0.8275
44,Medium,0.2941461473703385,0.005080955582629881,0.28698592881361645,0.3013952175776164,0.87705078125,0.00401408238514711,0.8717447916666666,0.8821614583333334,0.9473225352678846,0.0018031159854027046,0.9444413126247526,0.9496570987758977,0.8549471119852287,0.006436357969681875,0.8434754311747478,0.8620802086729703,0.8991051850740532,0.0038651176928439636,0.8946173800259404,0.9040469973890339,0.3964989423751831,0.02430548256593967,0.3511708080768585,0.42134183645248413,0.837375,0.015265361115938257,0.821875,0.86625,0.91526328125,0.00983748371980861,0.9085859375,0.93482421875,0.866,0.030417922348510262,0.835,0.91625,0.8087500000000001,0.026504716561397145,0.7625,0.84
45,Medium,0.2960070448617141,0.009104505208389011,0.283529132604599,0.3118262042601903,0.8748372395833333,0.006007601408659684,0.86376953125,0.8818359375,0.9462499683839439,0.003439574894261561,0.9403022502137299,0.9509433588391791,0.8563912799476174,0.010025388231244063,0.8414872798434442,0.8681211331813742,0.8932268576351488,0.005174031543305819,0.8859649122807017,0.8988617886178861,0.39186505079269407,0.02056708268966934,0.3587566465139389,0.4215365946292877,0.833,0.010498511799298027,0.825625,0.85375,0.9145703125000001,0.008960849797957887,0.9067007812500001,0.93144609375,0.8525,0.0337546293121403,0.7975,0.9,0.8135,0.02312195925954373,0.79125,0.85375
46,Medium,0.29259701396028204,0.009258823377778209,0.2842876637975375,0.3097304105758667,0.8753255208333333,0.006994533038855473,0.8629557291666666,0.8834635416666666,0.9479331149881102,0.0035588363894160564,0.9413115496210167,0.951094256507026,0.8567929231172233,0.01509584028260228,0.8315341838403664,0.8754076973255055,0.8937907348201011,0.005159008322398113,0.884990253411306,0.8997395833333334,0.4021553248167038,0.025520238458365214,0.36673709750175476,0.44461391866207123,0.833,0.011021286222578577,0.8175,0.851875,0.9128789062500001,0.0071461077487700335,0.9049546875000001,0.92614375,0.8539999999999999,0.019387495970341305,0.8325,0.885,0.8119999999999999,0.022577643809751264,0.77125,0.835
47,Medium,0.2920105457305908,0.008323770045688468,0.2825934775173664,0.3062468742330869,0.8782877604166666,0.004476828741234356,0.8719075520833334,0.884765625,0.947669929032276,0.0031682688125568466,0.9422005075892013,0.9510037739207927,0.8578462851050827,0.012213032093392308,0.8385942076147087,0.8764629388816645,0.8987622141488523,0.010325778216482784,0.8836529086772831,0.9146857701074569,0.38987815380096436,0.022412827031317206,0.34901033341884613,0.41425031423568726,0.83625,0.012164240625702863,0.82625,0.859375,0.91617484375,0.008789653596790032,0.908540625,0.9324656250000002,0.8414999999999999,0.04173128322973068,0.78375,0.9,0.8310000000000001,0.03451811118818642,0.78625,0.87375
48,Medium,0.28924770951271056,0.012198896641191661,0.2754289160172145,0.3108677342534065,0.8771484375,0.005864255779688455,0.8678385416666666,0.884765625,0.948994468285731,0.004036340297352826,0.9417190525766451,0.9535505063750539,0.8576350550589726,0.01261561678140498,0.8328455284552846,0.8668398830789217,0.8966968428146652,0.00758443982821001,0.8839256602543202,0.9040650406504065,0.39864359200000765,0.02349010427072866,0.358642041683197,0.4283455163240433,0.8328749999999999,0.015409007106234999,0.819375,0.8625,0.914155,0.008460146814970657,0.9077789062500001,0.9307874999999999,0.8630000000000001,0.01875166659259919,0.83,0.88625,0.80275,0.028233402203772726,0.77375,0.83875
49,Medium,0.28698609843850137,0.006243562446939178,0.2783803666631381,0.29697568466265994,0.8788736979166668,0.004265937790602433,0.87158203125,0.8846028645833334,0.9497499829307614,0.0023429083002458628,0.9457729070210888,0.9525822190739032,0.8593177061984381,0.0067677136062361054,0.8503091441588024,0.8681390061708347,0.8984328600890459,0.003580249212437955,0.8928687723868447,0.903257328990228,0.405474653840065,0.021327962528435017,0.36887361109256744,0.43254774808883667,0.83375,0.011075028216668354,0.823125,0.85375,0.91334015625,0.008848870282326364,0.90379375,0.9286117187500001,0.8487500000000001,0.028040149785619913,0.8025,0.885,0.81875,0.03436022409705734,0.76125,0.86
50,Medium,0.2852279702822367,0.006196272980532662,0.27537671973307926,0.2918295239408811,0.8795247395833334,0.0038356245629310747,0.8743489583333334,0.8844401041666666,0.9504134387891019,0.0021020064031810866,0.9484014253163298,0.9539122141954557,0.861452644365911,0.011211132165167653,0.8412958115183246,0.8754471544715448,0.8974987080735934,0.009140920722702285,0.8874472915990917,0.9128886010362695,0.3978389292955399,0.026648704531981916,0.35396359860897064,0.4338168650865555,0.8323750000000001,0.01353467768363918,0.81625,0.856875,0.91644515625,0.009159028500674756,0.9089414062500001,0.9343671875000001,0.86425,0.0388233177356083,0.805,0.9125,0.8005000000000001,0.03984814926693585,0.735,0.86
51,Medium,0.2833785804609458,0.005404287438040394,0.27786362419525784,0.2935070941845576,0.88076171875,0.0052946941696217185,0.8704427083333334,0.88525390625,0.9510793065156424,0.002027867579397626,0.9472472842658286,0.9529159146306636,0.8647150008496741,0.007970928387840246,0.8505709624796085,0.8739059967585089,0.8967889538382996,0.006811855666549713,0.8891794704151683,0.908027299317517,0.40170502066612246,0.027681879868017515,0.35578006505966187,0.4347289800643921,0.83575,0.01481342296702555,0.82125,0.864375,0.9152235937500001,0.008636942117475652,0.910196875,0.9324765625,0.8640000000000001,0.02547547840571398,0.8325,0.8975,0.8075000000000001,0.033837848631377274,0.745,0.84125
52,Medium,0.27840297321478524,0.005445662920022432,0.27301732699076336,0.28828318417072296,0.8830729166666667,0.003054696935371921,0.8776041666666666,0.8870442708333334,0.9527973904816157,0.002207854444851816,0.9489799767723778,0.9550504636818,0.87323770661331,0.00846441227051215,0.8624716185533571,0.8862821766047573,0.8929149043607035,0.007924337775434649,0.8816260162601626,0.9042796471741261,0.41138884127140046,0.021439354723222753,0.3800128251314163,0.44225214421749115,0.8297500000000001,0.013922778099215686,0.810625,0.8525,0.9138526562499999,0.00825759428815288,0.90763984375,0.9301781250000001,0.87425,0.026828156850592644,0.84,0.90625,0.78525,0.03668616905592625,0.73625,0.82625
53,Medium,0.27289785668253896,0.00772866420791141,0.2662278264760971,0.28646332398056984,0.88369140625,0.003206999794726649,0.87841796875,0.88818359375,0.954367090119528,0.002509344302829521,0.9500740106212049,0.9566483767248348,0.8669537813645605,0.015306284311124397,0.8501787455313617,0.8903665261109309,0.9004535052886615,0.011410167928530404,0.8859849722312969,0.9190864600326264,0.4124335587024689,0.0293549333095244,0.36146534979343414,0.44957244396209717,0.836125,0.015142035860477932,0.823125,0.865625,0.9141420312499999,0.010527634851030896,0.90335234375,0.9343109374999999,0.8480000000000001,0.02550245086261319,0.82125,0.895,0.8242499999999999,0.013569266745111906,0.8,0.83625
54,Medium,0.2797640842696031,0.005654459345133529,0.2727013739446799,0.2865319276849429,0.8807942708333332,0.0022893165328798505,0.87890625,0.88525390625,0.9517979581940308,0.001971922752858891,0.9494924593429708,0.9545317514745949,0.8640700203899032,0.004286455866345413,0.8583061889250815,0.8699478487614081,0.89749156324663,0.006271153884947722,0.8894668400520156,0.9079075821672633,0.4046215355396271,0.030747224395556643,0.3523665815591812,0.4485621154308319,0.8331250000000001,0.012574776339959275,0.820625,0.855625,0.9144160937500001,0.010156409801627414,0.9064875,0.93398671875,0.8495000000000001,0.04056322225859282,0.78125,0.8925,0.8167500000000001,0.042519113349175075,0.76625,0.8775
55,Medium,0.27460823580622673,0.006689489528499515,0.2630043091873328,0.28360960880915326,0.8829752604166666,0.0024897556218714915,0.8790690104166666,0.88671875,0.9538749675301533,0.002062356138383335,0.9513661130963602,0.9575539665161551,0.8663232068182939,0.008896727585359372,0.8552418046088932,0.8811462064474113,0.8996552173811452,0.00776881698902671,0.8854539537910836,0.9079333986287953,0.4078465014696121,0.02350166884473033,0.3739495426416397,0.4433087110519409,0.8316250000000001,0.010357666242933293,0.816875,0.84875,0.9140384375,0.007295668201865974,0.90884453125,0.9280664062499999,0.865,0.029079632047190683,0.82875,0.9025,0.79825,0.03376018364878957,0.7375,0.84
56,Medium,0.2742108119030794,0.0025585989359940857,0.27009185527761775,0.2773135726650556,0.8833333333333334,0.003185117807916027,0.8779296875,0.8868815104166666,0.9539706071548737,0.0012064108768122198,0.9523512294180402,0.9555740662876828,0.8658390031335838,0.006674180698888111,0.855609756097561,0.8751625487646294,0.900803629785145,0.008287919411237929,0.8901884340480831,0.9146301726946888,0.40273050367832186,0.019215864206437772,0.3724900037050247,0.43133309483528137,0.8311250000000001,0.011335784048754648,0.819375,0.8525,0.9140514062499999,0.010112374161473679,0.9062000000000001,0.93318515625,0.8565000000000002,0.019516019061273766,0.825,0.88375,0.80575,0.019789517427163315,0.77625,0.8275
57,Medium,0.26896760587890944,0.0048923392238815104,0.2643706773718198,0.2782232537865639,0.88701171875,0.005349249297303767,0.87890625,0.8927408854166666,0.9560242362951297,0.0017167990797595605,0.9527099726825174,0.9573987132580452,0.8652113419803822,0.01197824261634299,0.8525661981039555,0.8845528455284553,0.9087628104448827,0.008233350883456106,0.8993157380254154,0.9203511053315995,0.4073823273181915,0.025899118046683402,0.3644891828298569,0.43677012622356415,0.83675,0.013183796873435197,0.823125,0.861875,0.9155028125000001,0.008026626779112908,0.909196875,0.9311718750000001,0.86075,0.02832401807653709,0.8075,0.8925,0.8127500000000001,0.029531762561689417,0.7775,0.86
58,Medium,0.2722643035153548,0.00733692933574246,0.2609863020479679,0.28193143506844837,0.8868815104166667,0.003772391824431827,0.8829752604166666,0.8938802083333334,0.9546594368283001,0.0021973999930843657,0.9514160922005416,0.9574957336098298,0.8749922259850917,0.0074770846733359505,0.8624511082138201,0.8843648208469055,0.8987418617840077,0.007816937282711696,0.8841899804814574,0.9071126989282234,0.4076796740293503,0.029890174944032472,0.3566852807998657,0.4404473602771759,0.836875,0.014158698739644135,0.824375,0.863125,0.9149723437499999,0.008513458204834738,0.9075492187499999,0.9308734374999998,0.859,0.020636739083488943,0.82375,0.8825,0.8147500000000001,0.031537675881396235,0.77125,0.8525
59,Medium,0.2662750800450643,0.004592610677611055,0.26133382817109424,0.2743912177781264,0.8865885416666668,0.0022818987198335527,0.8831380208333334,0.8902994791666666,0.9565062359081671,0.0013355707498282669,0.9540218618760159,0.9577615724100045,0.8646436010908147,0.006066888953164642,0.8571891191709845,0.871903520208605,0.9085636327869938,0.009762753035512476,0.895609756097561,0.922077922077922,0.4093301922082901,0.029968258697270485,0.35689765214920044,0.4486582726240158,0.837,0.012173228823939848,0.8225,0.859375,0.9156770312499999,0.009025731115426002,0.9065789062499999,0.9328375,0.8549999999999999,0.028405545233281447,0.805,0.8925,0.8190000000000002,0.013679364020304428,0.8,0.84
60,Medium,0.2667983782788118,0.0030459604745797,0.2622503923873107,0.2705822139978409,0.8881184895833332,0.0018941844434864877,0.8857421875,0.89013671875,0.9566356969859479,0.0010334235562738468,0.9553915210701661,0.9584006161176261,0.8717871670094726,0.005190144903169652,0.8657543173672206,0.8793774319066148,0.9044757106932136,0.00681260633218598,0.8921568627450981,0.9131707317073171,0.4250303477048874,0.021001322442153858,0.3900041878223419,0.45242510735988617,0.8296250000000001,0.01347799131918403,0.814375,0.850625,0.9138562499999999,0.010788311613986124,0.904046875,0.9344804687499999,0.8709999999999999,0.02970058921974447,0.835,0.91125,0.78825,0.036679353865628546,0.74375,0.84375
61,Medium,0.2671141932408015,0.006634461226864857,0.2590281491478284,0.2768900233010451,0.8854166666666666,0.0037583209368155252,0.8798828125,0.8889973958333334,0.9562893789592781,0.0025106877552354624,0.9525877598250314,0.9592579205830891,0.8660282408243883,0.007857093839392084,0.8554649265905383,0.875366091767003,0.9047732539235416,0.00824381731971659,0.8948051948051948,0.919921875,0.40348475575447085,0.021761024376016916,0.3711891770362854,0.4355729967355728,0.835875,0.010028085560065781,0.826875,0.855,0.9169768750000001,0.00808307719035478,0.908778125,0.9320492187499999,0.8495000000000001,0.03140063693621516,0.80125,0.89375,0.82225,0.02548774215186586,0.7875,0.86625
62,Medium,0.26199393346905714,0.006678733275315533,0.2522125542163849,0.2707275214294593,0.8913411458333332,0.0035638213504989935,0.8876953125,0.8981119791666666,0.9579033161856365,0.001915015975861858,0.9554182570646945,0.9604820675320095,0.8752667494288714,0.008222594232664401,0.8596091205211727,0.8817413905133203,0.9074325781297885,0.009098844019068757,0.896137617656605,0.9206245933636955,0.40481341183185576,0.026550103734497312,0.3675030320882797,0.43551670014858246,0.8338750000000001,0.012102427442459636,0.8175,0.854375,0.91530171875,0.008332479372911804,0.9051101562499999,0.9297703125000001,0.85175,0.01352312833629855,0.83875,0.8725,0.8160000000000001,0.02352392399239552,0.7725,0.83625
63,Medium,0.2593690477311611,0.007441943392312211,0.2516310103237629,0.2725678433974584,0.8908203125,0.005019147027826141,0.8819986979166666,0.8958333333333334,0.9587298364239205,0.0024618602547506747,0.9543004941747231,0.961353342443411,0.874770567520929,0.00926413246858659,0.8620352250489237,0.886245110821382,0.9068279660271716,0.004171046209046902,0.9018843404808317,0.9134959349593496,0.4115676492452621,0.025660991680541246,0.3764585554599762,0.4495321810245514,0.8335000000000001,0.01240967364599087,0.819375,0.850625,0.91554,0.008791688002294426,0.90625546875,0.9311921875,0.8564999999999999,0.029742646149930902,0.82875,0.9125,0.8105,0.02738156314018614,0.77875,0.84375
64,Medium,0.2608151433368524,0.004374419592496496,0.25443242241938907,0.26730315138896305,0.8900390625,0.0032901767626284835,0.8863932291666666,0.8958333333333334,0.958293127669091,0.0014413253285508192,0.956003543448303,0.9603117138806296,0.8713342072322963,0.0041316157004347475,0.865905383360522,0.876707872478855,0.9087199621511548,0.003235771284618285,0.9060971633518096,0.9149837133550489,0.4127054661512375,0.02061460885176882,0.37794582545757294,0.435587614774704,0.8323750000000001,0.012743871075932936,0.81875,0.854375,0.9140806249999999,0.009875195303151754,0.90203515625,0.9316554687499999,0.8495000000000001,0.02737014797183241,0.82,0.89875,0.81525,0.021145330453790478,0.7975,0.85625
65,Medium,0.2541332875688871,0.006170562989124282,0.24604043985406557,0.2646788991987705,0.8939127604166666,0.004257235084445778,0.8878580729166666,0.8995768229166666,0.9603219852813067,0.0019479188538551776,0.9566755206731179,0.962439706181547,0.8763884457131814,0.01137374554345709,0.8596035099122522,0.8928571428571429,0.9114530859135375,0.003186426388423399,0.9063315926892951,0.9162047603521356,0.4262425690889359,0.02721387861406938,0.38404861092567444,0.4615209847688675,0.8323750000000001,0.011077849520552258,0.820625,0.8525,0.9124528125,0.008034890082793759,0.9068281250000001,0.9282929687499999,0.858,0.01700367607313192,0.8375,0.8825,0.8067499999999999,0.018398369492974104,0.78125,0.8325
66,Medium,0.25293672978878023,0.005988347609440974,0.24401768296957016,0.2603657655417919,0.8935546875,0.0035150221319513535,0.8888346354166666,0.8992513020833334,0.9607074668833594,0.0019247563838232092,0.9581923823079248,0.9635224524288255,0.8815450622159773,0.007360201096437573,0.87109375,0.8926022063595068,0.9055877692852551,0.006373382966293708,0.8981058131939909,0.9134114583333334,0.41733419001102445,0.03215000699358684,0.3762577772140503,0.4615606367588043,0.835625,0.015667442356683492,0.821875,0.864375,0.9156268750000001,0.009526216352678923,0.9048125,0.93309296875,0.8532500000000001,0.02714083639094416,0.81625,0.88625,0.818,0.03647430602492667,0.7625,0.86375
67,Medium,0.2525196532408397,0.0084440335090337,0.2452895057698091,0.26816242312391597,0.89599609375,0.004982702215710144,0.8883463541666666,0.90283203125,0.9611671297436786,0.002512919424820688,0.9564617820153902,0.9633671634693024,0.8761993540233041,0.00743285436083051,0.8636955107351985,0.8865710560625815,0.9158226382072192,0.0034179287681810173,0.9129442451907401,0.9208469055374593,0.41371301412582395,0.031259130311962056,0.3551900088787079,0.44603772461414337,0.834375,0.012048080760021507,0.825,0.858125,0.91534890625,0.009644377328915502,0.90845625,0.9343562499999999,0.8455,0.03211891965804578,0.795,0.88,0.82325,0.02885957380142682,0.7875,0.8675
68,Medium,0.2519718587398529,0.009526400416510298,0.24006093045075735,0.26757094636559486,0.89306640625,0.0029781153675736303,0.8898111979166666,0.89794921875,0.9609026951237173,0.0028719221846777673,0.9564540075147424,0.9646117272320757,0.877112332911695,0.006475627283505036,0.8713774014978835,0.8882718065991506,0.9089449654847226,0.006751223183952091,0.8971780733052221,0.9158576051779935,0.43018115162849424,0.0218514725838361,0.3986885994672775,0.4627601206302643,0.82975,0.007931346039607634,0.821875,0.845,0.9125629687499999,0.007160124899344918,0.9061671874999999,0.9257421875,0.86625,0.025149552679918568,0.83125,0.90125,0.79325,0.02122204042970424,0.7575,0.82125
69,Medium,0.24875196168820063,0.004639788670749912,0.24455824618538222,0.25737319389979046,0.89541015625,0.0023169218293325787,0.89111328125,0.8981119791666666,0.9619880283485844,0.0015712742946400386,0.9589554441119409,0.963336361779107,0.8783442390079468,0.00796532569532455,0.8687032824179396,0.8880913539967373,0.9124939590286903,0.00791215750921262,0.9032153296524845,0.9241783273673935,0.42968426644802094,0.031009798071168344,0.3792913258075714,0.47289592027664185,0.8332499999999999,0.010073169808952908,0.821875,0.851875,0.91572140625,0.009572836549809895,0.9068898437499999,0.9340085937500001,0.86675,0.020009372803763744,0.83875,0.89,0.79975,0.02416609194718913,0.75875,0.82875
70,Medium,0.24979843323429426,0.0077660415187260825,0.23670637731750807,0.2599085010588169,0.8946614583333334,0.004834176176399721,0.8893229166666666,0.9026692708333334,0.9618395215471759,0.002466665695983738,0.9590320196457096,0.9662955560396933,0.8719241973802146,0.0134153471117262,0.8552845528455284,0.8871861754157156,0.9174381187154506,0.007871675549573177,0.9034774130646733,0.9236292428198434,0.420612695813179,0.024429737081910513,0.37954387068748474,0.4562522619962692,0.83575,0.009885279459883777,0.8225,0.853125,0.9147004687500001,0.008849947097189155,0.9079921875000001,0.93205234375,0.8560000000000001,0.023563743335896357,0.81625,0.88875,0.8154999999999999,0.02186035223869919,0.78375,0.85
71,Medium,0.24772011637687683,0.005689223810521793,0.24219528337319693,0.25820473581552505,0.8945638020833334,0.003471645731222615,0.8880208333333334,0.89794921875,0.9624243380236794,0.001764753063984991,0.9591857019197361,0.9644451612383655,0.8778728457712456,0.008459548311589418,0.8666230794377248,0.8889614630960156,0.9111613226459655,0.008510129314678618,0.9030263586072242,0.9264181523500811,0.42627652883529665,0.031215936408192844,0.3769845515489578,0.4642024338245392,0.83475,0.011385297536735731,0.824375,0.856875,0.9130331250000001,0.007944580927480193,0.90789609375,0.9288632812500002,0.859,0.021482551058940844,0.82,0.88,0.8105,0.027449954462621596,0.76875,0.845
72,Medium,0.2462417922914028,0.007534105941970014,0.23420391604304314,0.2560162457327048,0.8980143229166666,0.002959555503302293,0.8942057291666666,0.9021809895833334,0.9627876706144087,0.002136735369185229,0.9598756892831837,0.9661412625381736,0.8809628791878101,0.007169717505456706,0.8692533420280404,0.8905537459283388,0.9150542846277165,0.0056415042763547675,0.9045602605863192,0.9197389885807504,0.43032456040382383,0.033670162338727196,0.37890416383743286,0.48344580829143524,0.8323750000000001,0.012768369120604252,0.821875,0.8575,0.9117959375,0.010224260178194163,0.9010046875,0.9296992187500001,0.8480000000000001,0.016818888191554186,0.82,0.86875,0.8167500000000001,0.02648820492219129,0.785,0.85625
73,Medium,0.2432085911432902,0.007562231552397731,0.22931689272324243,0.25200729072093964,0.8995768229166666,0.0037569109495451595,0.8948567708333334,0.9064127604166666,0.9634351299211513,0.002303936833104624,0.9604598228548691,0.967511958021358,0.8855316256291872,0.002755520975135861,0.8811783960720131,0.8887075718015666,0.913592726817012,0.005934731089887713,0.9083845904823568,0.924755700325733,0.4346238702535629,0.02627670571532381,0.3920052647590637,0.4739370346069336,0.828625,0.010690240876612668,0.814375,0.8475,0.9106909375000001,0.010596240956684074,0.89971484375,0.93078046875,0.8565000000000002,0.015029138365189135,0.8425,0.87875,0.8007500000000001,0.012160386507015326,0.78625,0.81625
74,Medium,0.23950417364637056,0.0038638881244596147,0.2352670580148697,0.2455813797811667,0.89921875,0.0029502317865552647,0.8951822916666666,0.9033203125,0.9648257891856546,0.0012176762962391556,0.9628485278448747,0.9661787737438514,0.8829339132189855,0.008019273541840628,0.8679306963059823,0.8915584415584416,0.9154759631527609,0.005776040824072205,0.9066579634464752,0.9222042139384117,0.44583773910999297,0.03391192810914385,0.3959945738315582,0.49715833365917206,0.8283750000000001,0.013956405339484808,0.809375,0.85,0.9126195312500001,0.010158544308164279,0.90491328125,0.93274296875,0.8710000000000001,0.0361541837136451,0.8025,0.9,0.78575,0.051766301780212194,0.725,0.86875
75,Medium,0.2435328004260858,0.0064187589313605,0.23699255039294562,0.2548856313029925,0.8986328125,0.0037855707708611104,0.8922526041666666,0.90380859375,0.9637371896785515,0.001865207039294052,0.9604152935516753,0.965651614470123,0.8832857670996003,0.0021441881934786662,0.8816855753646677,0.8875122269318553,0.9139855764046008,0.006304232942907123,0.902081977878985,0.9200519987000325,0.4181740880012512,0.01820848514672514,0.39024460315704346,0.4383142441511154,0.8319999999999999,0.010018732454756929,0.824375,0.85125,0.9151821874999999,0.008508111613773173,0.9087921875,0.93184765625,0.84825,0.03363963436186547,0.7925,0.89625,0.8157500000000001,0.02855477193044971,0.79,0.87125
76,Medium,0.2403823827703794,0.0058914718290835185,0.23331891124447188,0.24952108909686407,0.8980794270833334,0.0025244135378048407,0.8943684895833334,0.9015299479166666,0.9645942011499233,0.001719786762062302,0.961900535965193,0.9666502387000155,0.8856143185061841,0.004731091623796662,0.8807817589576548,0.8939295039164491,0.9105685111205581,0.004860517152085602,0.9038961038961039,0.9168026101141925,0.43163498044013976,0.034165810425605986,0.37921321392059326,0.47701698541641235,0.834375,0.012611998255629439,0.819375,0.85625,0.91534125,0.010226996736865593,0.90428984375,0.9346640625,0.8632500000000001,0.03076727157224054,0.80875,0.89625,0.8055,0.03325657829663179,0.76625,0.86375
77,Medium,0.2407718874514103,0.005655433665750316,0.2356022410094738,0.24927794809142748,0.8996744791666668,0.004123463765257832,0.8917643229166666,0.9026692708333334,0.9647393721108248,0.001370280816323463,0.9627838738332162,0.9661243720716235,0.8856905309380924,0.011459062701838557,0.8637104662536681,0.8951481602084012,0.9136229410677814,0.005836951374960067,0.9036771884152294,0.9197270068248293,0.4246478706598282,0.02981736560878276,0.3824857026338577,0.47208698093891144,0.8346250000000002,0.011474155742362904,0.820625,0.855,0.9139415625,0.011654636820760593,0.8989640625,0.93423359375,0.8574999999999999,0.031354824190226296,0.83,0.91625,0.81175,0.019374596769997594,0.7925,0.84125
78,Medium,0.23772719775636988,0.006390178637881003,0.2294434333841006,0.24592391774058342,0.90224609375,0.0026417374433949726,0.89892578125,0.9052734375,0.9652566126507193,0.0018422823496140946,0.9627371893988714,0.9671554901968265,0.8905177332950254,0.0062028393876769,0.8801558947710295,0.899513776337115,0.9140038933169498,0.003563493959744319,0.9085286458333334,0.9177814029363784,0.4319739043712616,0.037921172808790975,0.378361240029335,0.49394188821315765,0.835,0.01505718267140305,0.824375,0.864375,0.9143625,0.008494402913647043,0.90828046875,0.9311976562500001,0.8705,0.024982493870708732,0.82875,0.8975,0.7995,0.030573681492420898,0.76375,0.83875
79,Medium,0.2351219967007637,0.006967605157095963,0.22330250218510628,0.2438039518892765,0.903125,0.005393635620146007,0.8948567708333334,0.9091796875,0.9659301063520267,0.0020102585111422167,0.9633076985677084,0.9690500862386584,0.8882255412483214,0.009487669056092298,0.8782552083333334,0.9049788480312398,0.9179866210843514,0.005760907964514871,0.9114583333333334,0.9279454722492697,0.4348370164632797,0.034957318305773324,0.3839104324579239,0.49072952568531036,0.834125,0.013810095944634108,0.823125,0.86125,0.9132312500000002,0.012016372436928232,0.90508359375,0.936440625,0.8664999999999999,0.02426932219902321,0.84375,0.90375,0.8017500000000002,0.021207310060448493,0.76,0.81875
80,Medium,0.23365012258291246,0.007770761054910966,0.22543208549420038,0.2478152128557364,0.9038736979166666,0.005317659552808407,0.8955078125,0.9117838541666666,0.9665324944922485,0.002125012784142491,0.9625324740210481,0.9684639915989316,0.8914589238478182,0.011162391243615526,0.8803390935767851,0.9074134023955973,0.9162885045283111,0.0051486242710844,0.9104867690297288,0.9223269418264544,0.444881409406662,0.04004074418289515,0.38177546858787537,0.4939660280942917,0.8341249999999999,0.014516154793883972,0.816875,0.856875,0.9129607812500001,0.00967948425180075,0.90227421875,0.9312406249999999,0.8724999999999999,0.03531111722956385,0.83,0.92,0.79575,0.048053355762110936,0.71375,0.84875
81,Medium,0.2332095081607501,0.005617626980050873,0.22569473584493002,0.24275270849466324,0.9033203125,0.004454999681542441,0.8977864583333334,0.9083658854166666,0.9668470976267866,0.0014361622542095527,0.9645177742270026,0.9684694975693763,0.8903670637315649,0.00884085373260042,0.8768778576094056,0.9026921829386961,0.9162220337030694,0.013761073247150623,0.8928454753348579,0.9295911745619727,0.4413809359073639,0.02859107390323296,0.3927585333585739,0.47735847532749176,0.82825,0.007638308058726108,0.82125,0.841875,0.9131157812499999,0.010364399780619177,0.9054828125,0.9329609374999999,0.86725,0.022712881807467774,0.845,0.905,0.78925,0.0157042987745394,0.76375,0.80625
